ts,pkt_no,eth_src,eth_dst,eth_type,ip_src,ip_dst,ip_proto,tcp_flags,tcp_sport,tcp_dport,udp_len,udp_sport,udp_dport,arp_op,arp_psrc,arp_pdst,arp_hwsrc,arp_hwdst,dhcp_msgtype,dhcp_server_id,dhcp_yiaddr,dns_qname,dns_qtype,dns_ans,tcp_syn
1761571002.532664,1,08:00:27:13:80:5a,46:f2:67:ee:7b:16,0x806,None,None,0,None,None,0,None,None,0,1,10.89.153.28,10.89.153.232,08:00:27:13:80:5a,00:00:00:00:00:00,None,None,None,None,None,None,0
1761571002.533573,2,46:f2:67:ee:7b:16,08:00:27:13:80:5a,0x806,None,None,0,None,None,0,None,None,0,2,10.89.153.232,10.89.153.28,46:f2:67:ee:7b:16,08:00:27:13:80:5a,None,None,None,None,None,None,0
1761571007.65467,3,08:00:27:13:80:5a,46:f2:67:ee:7b:16,0x800,10.89.153.28,23.58.31.18,6,A,56760.0,80,None,None,0,0,None,None,None,None,None,None,None,None,None,None,0
1761571007.8557675,4,46:f2:67:ee:7b:16,08:00:27:13:80:5a,0x800,23.58.31.18,10.89.153.28,6,A,80.0,56760,None,None,0,0,None,None,None,None,None,None,None,None,None,None,0
1761571010.213067,5,08:00:27:13:80:5a,46:f2:67:ee:7b:16,0x800,10.89.153.28,3.233.158.112,6,A,48866.0,443,None,None,0,0,None,None,None,None,None,None,None,None,None,None,0
1761571010.9100077,6,46:f2:67:ee:7b:16,08:00:27:13:80:5a,0x800,3.233.158.112,10.89.153.28,6,A,443.0,48866,None,None,0,0,None,None,None,None,None,None,None,None,None,None,0
1761571011.4250932,7,08:00:27:13:80:5a,46:f2:67:ee:7b:16,0x86dd,None,None,0,None,None,0,None,None,0,0,None,None,None,None,None,None,None,None,None,None,0
1761571011.489655,8,46:f2:67:ee:7b:16,08:00:27:13:80:5a,0x86dd,None,None,0,None,None,0,None,None,0,0,None,None,None,None,None,None,None,None,None,None,0
1761571011.68632,9,46:f2:67:ee:7b:16,08:00:27:13:80:5a,0x86dd,None,None,0,None,None,0,None,None,0,0,None,None,None,None,None,None,None,None,None,None,0
1761571011.6865149,10,08:00:27:13:80:5a,46:f2:67:ee:7b:16,0x86dd,None,None,0,None,None,0,None,None,0,0,None,None,None,None,None,None,None,None,None,None,0
1761571012.7431767,11,46:f2:67:ee:7b:16,08:00:27:13:80:5a,0x800,3.233.158.112,10.89.153.28,6,PA,443.0,48866,None,None,0,0,None,None,None,None,None,None,None,None,None,None,0
1761571012.7435763,12,46:f2:67:ee:7b:16,08:00:27:13:80:5a,0x800,3.233.158.112,10.89.153.28,6,FA,443.0,48866,None,None,0,0,None,None,None,None,None,None,None,None,None,None,0
1761571012.7438052,13,08:00:27:13:80:5a,46:f2:67:ee:7b:16,0x800,10.89.153.28,3.233.158.112,6,A,48866.0,443,None,None,0,0,None,None,None,None,None,None,None,None,None,None,0
1761571012.7440262,14,08:00:27:13:80:5a,46:f2:67:ee:7b:16,0x800,10.89.153.28,3.233.158.112,6,PA,48866.0,443,None,None,0,0,None,None,None,None,None,None,None,None,None,None,0
1761571012.7442074,15,08:00:27:13:80:5a,46:f2:67:ee:7b:16,0x800,10.89.153.28,3.233.158.112,6,FA,48866.0,443,None,None,0,0,None,None,None,None,None,None,None,None,None,None,0
1761571013.0562246,16,46:f2:67:ee:7b:16,08:00:27:13:80:5a,0x800,3.233.158.112,10.89.153.28,6,R,443.0,48866,None,None,0,0,None,None,None,None,None,None,None,None,None,None,0
1761571013.0755568,17,46:f2:67:ee:7b:16,08:00:27:13:80:5a,0x800,3.233.158.112,10.89.153.28,6,R,443.0,48866,None,None,0,0,None,None,None,None,None,None,None,None,None,None,0
1761571017.8907323,18,08:00:27:13:80:5a,46:f2:67:ee:7b:16,0x800,10.89.153.28,23.58.31.18,6,A,56760.0,80,None,None,0,0,None,None,None,None,None,None,None,None,None,None,0
1761571018.098484,19,46:f2:67:ee:7b:16,08:00:27:13:80:5a,0x800,23.58.31.18,10.89.153.28,6,A,80.0,56760,None,None,0,0,None,None,None,None,None,None,None,None,None,None,0
1761571019.1708477,20,08:00:27:13:80:5a,46:f2:67:ee:7b:16,0x800,10.89.153.28,104.208.16.95,6,A,45176.0,443,None,None,0,0,None,None,None,None,None,None,None,None,None,None,0
1761571019.5015562,21,46:f2:67:ee:7b:16,ff:ff:ff:ff:ff:ff,0x806,None,None,0,None,None,0,None,None,0,1,10.89.153.232,10.89.153.110,46:f2:67:ee:7b:16,00:00:00:00:00:00,None,None,None,None,None,None,0
1761571019.7959805,22,46:f2:67:ee:7b:16,08:00:27:13:80:5a,0x800,104.208.16.95,10.89.153.28,6,A,443.0,45176,None,None,0,0,None,None,None,None,None,None,None,None,None,None,0
1761571025.319308,23,08:00:27:13:80:5a,46:f2:67:ee:7b:16,0x86dd,None,None,0,None,None,0,None,None,0,0,None,None,None,None,None,None,None,None,None,None,0
1761571025.535017,24,46:f2:67:ee:7b:16,08:00:27:13:80:5a,0x86dd,None,None,0,None,None,0,None,None,0,0,None,None,None,None,None,None,None,None,None,None,0
1761571026.312328,25,08:00:27:13:80:5a,46:f2:67:ee:7b:16,0x800,10.89.153.28,104.18.32.47,6,PA,58186.0,443,None,None,0,0,None,None,None,None,None,None,None,None,None,None,0
1761571026.3529809,26,46:f2:67:ee:7b:16,08:00:27:13:80:5a,0x800,104.18.32.47,10.89.153.28,6,A,443.0,58186,None,None,0,0,None,None,None,None,None,None,None,None,None,None,0
1761571026.3532352,27,46:f2:67:ee:7b:16,08:00:27:13:80:5a,0x800,104.18.32.47,10.89.153.28,6,PA,443.0,58186,None,None,0,0,None,None,None,None,None,None,None,None,None,None,0
1761571026.353397,28,08:00:27:13:80:5a,46:f2:67:ee:7b:16,0x800,10.89.153.28,104.18.32.47,6,A,58186.0,443,None,None,0,0,None,None,None,None,None,None,None,None,None,None,0
1761571028.134637,29,08:00:27:13:80:5a,46:f2:67:ee:7b:16,0x800,10.89.153.28,23.58.31.18,6,A,56760.0,80,None,None,0,0,None,None,None,None,None,None,None,None,None,None,0
1761571028.164428,30,46:f2:67:ee:7b:16,08:00:27:13:80:5a,0x800,23.58.31.18,10.89.153.28,6,A,80.0,56760,None,None,0,0,None,None,None,None,None,None,None,None,None,None,0
1761571029.7223654,31,08:00:27:13:80:5a,46:f2:67:ee:7b:16,0x86dd,None,None,0,None,None,0,None,None,0,0,None,None,None,None,None,None,None,None,None,None,0
1761571029.9486258,32,46:f2:67:ee:7b:16,08:00:27:13:80:5a,0x86dd,None,None,0,None,None,0,None,None,0,0,None,None,None,None,None,None,None,None,None,None,0
1761571030.3563604,33,46:f2:67:ee:7b:16,08:00:27:13:80:5a,0x86dd,None,None,0,None,None,0,None,None,0,0,None,None,None,None,None,None,None,None,None,None,0
1761571030.356521,34,08:00:27:13:80:5a,46:f2:67:ee:7b:16,0x86dd,None,None,0,None,None,0,None,None,0,0,None,None,None,None,None,None,None,None,None,None,0
1761571033.990328,35,08:00:27:13:80:5a,46:f2:67:ee:7b:16,0x800,10.89.153.28,10.89.153.232,17,None,None,0,54.0,27706.0,53,0,None,None,None,None,None,None,None,marketplace.visualstudio.com.,28.0,None,0
1761571033.9929795,36,08:00:27:13:80:5a,46:f2:67:ee:7b:16,0x800,10.89.153.28,10.89.153.232,17,None,None,0,54.0,4561.0,53,0,None,None,None,None,None,None,None,marketplace.visualstudio.com.,1.0,None,0
1761571033.994378,37,08:00:27:13:80:5a,46:f2:67:ee:7b:16,0x800,10.89.153.28,10.89.153.232,17,None,None,0,54.0,54588.0,53,0,None,None,None,None,None,None,None,marketplace.visualstudio.com.,65.0,None,0
1761571034.219604,38,46:f2:67:ee:7b:16,08:00:27:13:80:5a,0x800,10.89.153.232,10.89.153.28,17,None,None,0,188.0,53.0,27706,0,None,None,None,None,None,None,None,marketplace.visualstudio.com.,28.0,b'marketplace-visualstudio-com.bx-0007.bx-msedge.net.',0
1761571034.2342696,39,46:f2:67:ee:7b:16,08:00:27:13:80:5a,0x800,10.89.153.232,10.89.153.28,17,None,None,0,164.0,53.0,4561,0,None,None,None,None,None,None,None,marketplace.visualstudio.com.,1.0,b'marketplace-visualstudio-com.bx-0007.bx-msedge.net.',0
1761571034.235498,40,46:f2:67:ee:7b:16,08:00:27:13:80:5a,0x800,10.89.153.232,10.89.153.28,17,None,None,0,189.0,53.0,54588,0,None,None,None,None,None,None,None,marketplace.visualstudio.com.,65.0,b'marketplace-visualstudio-com.bx-0007.bx-msedge.net.',0
1761571034.2501433,41,08:00:27:13:80:5a,46:f2:67:ee:7b:16,0x86dd,None,None,0,None,None,0,None,None,0,0,None,None,None,None,None,None,None,None,None,None,0
1761571034.2592928,42,46:f2:67:ee:7b:16,08:00:27:13:80:5a,0x86dd,None,None,0,None,None,0,None,None,0,0,None,None,None,None,None,None,None,None,None,None,0
1761571034.2594578,43,08:00:27:13:80:5a,46:f2:67:ee:7b:16,0x86dd,None,None,0,None,None,0,None,None,0,0,None,None,None,None,None,None,None,None,None,None,0
1761571034.262048,44,08:00:27:13:80:5a,46:f2:67:ee:7b:16,0x86dd,None,None,0,None,None,0,None,None,0,0,None,None,None,None,None,None,None,None,None,None,0
1761571034.2628653,45,08:00:27:13:80:5a,46:f2:67:ee:7b:16,0x86dd,None,None,0,None,None,0,None,None,0,0,None,None,None,None,None,None,None,None,None,None,0
1761571034.312157,46,46:f2:67:ee:7b:16,08:00:27:13:80:5a,0x86dd,None,None,0,None,None,0,None,None,0,0,None,None,None,None,None,None,None,None,None,None,0
1761571034.312307,47,46:f2:67:ee:7b:16,08:00:27:13:80:5a,0x86dd,None,None,0,None,None,0,None,None,0,0,None,None,None,None,None,None,None,None,None,None,0
1761571034.313118,48,46:f2:67:ee:7b:16,08:00:27:13:80:5a,0x86dd,None,None,0,None,None,0,None,None,0,0,None,None,None,None,None,None,None,None,None,None,0
1761571034.3132615,49,08:00:27:13:80:5a,46:f2:67:ee:7b:16,0x86dd,None,None,0,None,None,0,None,None,0,0,None,None,None,None,None,None,None,None,None,None,0
1761571034.315102,50,08:00:27:13:80:5a,46:f2:67:ee:7b:16,0x86dd,None,None,0,None,None,0,None,None,0,0,None,None,None,None,None,None,None,None,None,None,0
1761571034.362712,51,46:f2:67:ee:7b:16,08:00:27:13:80:5a,0x86dd,None,None,0,None,None,0,None,None,0,0,None,None,None,None,None,None,None,None,None,None,0
1761571034.3629563,52,46:f2:67:ee:7b:16,08:00:27:13:80:5a,0x86dd,None,None,0,None,None,0,None,None,0,0,None,None,None,None,None,None,None,None,None,None,0
1761571034.363088,53,08:00:27:13:80:5a,46:f2:67:ee:7b:16,0x86dd,None,None,0,None,None,0,None,None,0,0,None,None,None,None,None,None,None,None,None,None,0
1761571034.3666148,54,46:f2:67:ee:7b:16,08:00:27:13:80:5a,0x86dd,None,None,0,None,None,0,None,None,0,0,None,None,None,None,None,None,None,None,None,None,0
1761571034.366813,55,08:00:27:13:80:5a,46:f2:67:ee:7b:16,0x86dd,None,None,0,None,None,0,None,None,0,0,None,None,None,None,None,None,None,None,None,None,0
1761571034.3793674,56,08:00:27:13:80:5a,46:f2:67:ee:7b:16,0x86dd,None,None,0,None,None,0,None,None,0,0,None,None,None,None,None,None,None,None,None,None,0
1761571034.3795588,57,08:00:27:13:80:5a,46:f2:67:ee:7b:16,0x86dd,None,None,0,None,None,0,None,None,0,0,None,None,None,None,None,None,None,None,None,None,0
1761571034.3797176,58,08:00:27:13:80:5a,46:f2:67:ee:7b:16,0x86dd,None,None,0,None,None,0,None,None,0,0,None,None,None,None,None,None,None,None,None,None,0
1761571034.397885,59,46:f2:67:ee:7b:16,08:00:27:13:80:5a,0x86dd,None,None,0,None,None,0,None,None,0,0,None,None,None,None,None,None,None,None,None,None,0
1761571034.3988388,60,46:f2:67:ee:7b:16,08:00:27:13:80:5a,0x86dd,None,None,0,None,None,0,None,None,0,0,None,None,None,None,None,None,None,None,None,None,0
1761571034.4024932,61,46:f2:67:ee:7b:16,08:00:27:13:80:5a,0x86dd,None,None,0,None,None,0,None,None,0,0,None,None,None,None,None,None,None,None,None,None,0
1761571034.4026556,62,08:00:27:13:80:5a,46:f2:67:ee:7b:16,0x86dd,None,None,0,None,None,0,None,None,0,0,None,None,None,None,None,None,None,None,None,None,0
1761571034.4028084,63,08:00:27:13:80:5a,46:f2:67:ee:7b:16,0x86dd,None,None,0,None,None,0,None,None,0,0,None,None,None,None,None,None,None,None,None,None,0
1761571034.4150968,64,46:f2:67:ee:7b:16,08:00:27:13:80:5a,0x86dd,None,None,0,None,None,0,None,None,0,0,None,None,None,None,None,None,None,None,None,None,0
1761571034.447822,65,46:f2:67:ee:7b:16,08:00:27:13:80:5a,0x86dd,None,None,0,None,None,0,None,None,0,0,None,None,None,None,None,None,None,None,None,None,0
1761571034.4578085,66,08:00:27:13:80:5a,46:f2:67:ee:7b:16,0x86dd,None,None,0,None,None,0,None,None,0,0,None,None,None,None,None,None,None,None,None,None,0
1761571034.8408422,67,46:f2:67:ee:7b:16,08:00:27:13:80:5a,0x86dd,None,None,0,None,None,0,None,None,0,0,None,None,None,None,None,None,None,None,None,None,0
1761571034.8419242,68,08:00:27:13:80:5a,46:f2:67:ee:7b:16,0x86dd,None,None,0,None,None,0,None,None,0,0,None,None,None,None,None,None,None,None,None,None,0
1761571034.847998,69,08:00:27:13:80:5a,46:f2:67:ee:7b:16,0x86dd,None,None,0,None,None,0,None,None,0,0,None,None,None,None,None,None,None,None,None,None,0
1761571034.9120452,70,46:f2:67:ee:7b:16,08:00:27:13:80:5a,0x86dd,None,None,0,None,None,0,None,None,0,0,None,None,None,None,None,None,None,None,None,None,0
1761571034.920671,71,46:f2:67:ee:7b:16,08:00:27:13:80:5a,0x86dd,None,None,0,None,None,0,None,None,0,0,None,None,None,None,None,None,None,None,None,None,0
1761571034.9209187,72,46:f2:67:ee:7b:16,08:00:27:13:80:5a,0x86dd,None,None,0,None,None,0,None,None,0,0,None,None,None,None,None,None,None,None,None,None,0
1761571034.9210906,73,46:f2:67:ee:7b:16,08:00:27:13:80:5a,0x86dd,None,None,0,None,None,0,None,None,0,0,None,None,None,None,None,None,None,None,None,None,0
1761571034.9212103,74,08:00:27:13:80:5a,46:f2:67:ee:7b:16,0x86dd,None,None,0,None,None,0,None,None,0,0,None,None,None,None,None,None,None,None,None,None,0
1761571034.9616854,75,08:00:27:13:80:5a,46:f2:67:ee:7b:16,0x86dd,None,None,0,None,None,0,None,None,0,0,None,None,None,None,None,None,None,None,None,None,0
1761571035.889931,76,08:00:27:13:80:5a,46:f2:67:ee:7b:16,0x800,10.89.153.28,10.89.153.232,17,None,None,0,58.0,54596.0,53,0,None,None,None,None,None,None,None,mobile.events.data.microsoft.com.,28.0,None,0
1761571035.8903117,77,08:00:27:13:80:5a,46:f2:67:ee:7b:16,0x800,10.89.153.28,10.89.153.232,17,None,None,0,58.0,22038.0,53,0,None,None,None,None,None,None,None,mobile.events.data.microsoft.com.,1.0,None,0
1761571035.8905888,78,08:00:27:13:80:5a,46:f2:67:ee:7b:16,0x800,10.89.153.28,10.89.153.232,17,None,None,0,58.0,54639.0,53,0,None,None,None,None,None,None,None,mobile.events.data.microsoft.com.,65.0,None,0
1761571035.8908906,79,08:00:27:13:80:5a,46:f2:67:ee:7b:16,0x800,10.89.153.28,104.208.16.95,6,PA,45176.0,443,None,None,0,0,None,None,None,None,None,None,None,None,None,None,0
1761571035.8910944,80,08:00:27:13:80:5a,46:f2:67:ee:7b:16,0x800,10.89.153.28,104.208.16.95,6,PA,45176.0,443,None,None,0,0,None,None,None,None,None,None,None,None,None,None,0
1761571035.893711,81,08:00:27:13:80:5a,46:f2:67:ee:7b:16,0x800,10.89.153.28,104.208.16.95,6,PA,45176.0,443,None,None,0,0,None,None,None,None,None,None,None,None,None,None,0
1761571035.893935,82,08:00:27:13:80:5a,46:f2:67:ee:7b:16,0x800,10.89.153.28,104.208.16.95,6,PA,45176.0,443,None,None,0,0,None,None,None,None,None,None,None,None,None,None,0
1761571035.8941352,83,08:00:27:13:80:5a,46:f2:67:ee:7b:16,0x800,10.89.153.28,104.208.16.95,6,PA,45176.0,443,None,None,0,0,None,None,None,None,None,None,None,None,None,None,0
1761571035.975787,84,08:00:27:13:80:5a,46:f2:67:ee:7b:16,0x800,10.89.153.28,10.89.153.232,17,None,None,0,58.0,29998.0,53,0,None,None,None,None,None,None,None,ms-python.gallerycdn.vsassets.io.,28.0,None,0
1761571035.976146,85,08:00:27:13:80:5a,46:f2:67:ee:7b:16,0x800,10.89.153.28,10.89.153.232,17,None,None,0,58.0,41966.0,53,0,None,None,None,None,None,None,None,ms-python.gallerycdn.vsassets.io.,1.0,None,0
1761571035.984249,86,08:00:27:13:80:5a,46:f2:67:ee:7b:16,0x800,10.89.153.28,10.89.153.232,17,None,None,0,58.0,55614.0,53,0,None,None,None,None,None,None,None,ms-python.gallerycdn.vsassets.io.,65.0,None,0
1761571036.1203902,87,46:f2:67:ee:7b:16,08:00:27:13:80:5a,0x800,10.89.153.232,10.89.153.28,17,None,None,0,181.0,53.0,22038,0,None,None,None,None,None,None,None,mobile.events.data.microsoft.com.,1.0,b'mobile.events.data.trafficmanager.net.',0
1761571036.1215196,88,46:f2:67:ee:7b:16,08:00:27:13:80:5a,0x800,10.89.153.232,10.89.153.28,17,None,None,0,222.0,53.0,54639,0,None,None,None,None,None,None,None,mobile.events.data.microsoft.com.,65.0,b'mobile.events.data.trafficmanager.net.',0
1761571036.3570657,89,46:f2:67:ee:7b:16,08:00:27:13:80:5a,0x800,104.208.16.95,10.89.153.28,6,A,443.0,45176,None,None,0,0,None,None,None,None,None,None,None,None,None,None,0
1761571036.3575375,90,46:f2:67:ee:7b:16,08:00:27:13:80:5a,0x800,104.208.16.95,10.89.153.28,6,A,443.0,45176,None,None,0,0,None,None,None,None,None,None,None,None,None,None,0
1761571036.362436,91,46:f2:67:ee:7b:16,08:00:27:13:80:5a,0x800,104.208.16.95,10.89.153.28,6,A,443.0,45176,None,None,0,0,None,None,None,None,None,None,None,None,None,None,0
1761571036.3627777,92,46:f2:67:ee:7b:16,08:00:27:13:80:5a,0x800,104.208.16.95,10.89.153.28,6,PA,443.0,45176,None,None,0,0,None,None,None,None,None,None,None,None,None,None,0
1761571036.3630292,93,46:f2:67:ee:7b:16,08:00:27:13:80:5a,0x800,104.208.16.95,10.89.153.28,6,A,443.0,45176,None,None,0,0,None,None,None,None,None,None,None,None,None,None,0
1761571036.3941665,94,08:00:27:13:80:5a,46:f2:67:ee:7b:16,0x800,10.89.153.28,104.208.16.95,6,A,45176.0,443,None,None,0,0,None,None,None,None,None,None,None,None,None,None,0
1761571036.4267747,95,08:00:27:13:80:5a,46:f2:67:ee:7b:16,0x800,10.89.153.28,104.208.16.95,6,A,45176.0,443,None,None,0,0,None,None,None,None,None,None,None,None,None,None,0
1761571036.7570024,96,46:f2:67:ee:7b:16,08:00:27:13:80:5a,0x800,104.208.16.95,10.89.153.28,6,A,443.0,45176,None,None,0,0,None,None,None,None,None,None,None,None,None,None,0
1761571036.7574031,97,08:00:27:13:80:5a,46:f2:67:ee:7b:16,0x800,10.89.153.28,104.208.16.95,6,A,45176.0,443,None,None,0,0,None,None,None,None,None,None,None,None,None,None,0
1761571036.757626,98,08:00:27:13:80:5a,46:f2:67:ee:7b:16,0x800,10.89.153.28,104.208.16.95,6,A,45176.0,443,None,None,0,0,None,None,None,None,None,None,None,None,None,None,0
1761571036.9008443,99,08:00:27:13:80:5a,46:f2:67:ee:7b:16,0x800,10.89.153.28,10.89.153.232,17,None,None,0,58.0,13911.0,53,0,None,None,None,None,None,None,None,mobile.events.data.microsoft.com.,28.0,None,0
1761571036.9886315,100,08:00:27:13:80:5a,46:f2:67:ee:7b:16,0x86dd,None,None,0,None,None,0,None,None,0,0,None,None,None,None,None,None,None,ms-python.gallerycdn.vsassets.io.,28.0,None,0
1761571036.992003,101,08:00:27:13:80:5a,46:f2:67:ee:7b:16,0x86dd,None,None,0,None,None,0,None,None,0,0,None,None,None,None,None,None,None,ms-python.gallerycdn.vsassets.io.,1.0,None,0
1761571036.9926102,102,08:00:27:13:80:5a,46:f2:67:ee:7b:16,0x86dd,None,None,0,None,None,0,None,None,0,0,None,None,None,None,None,None,None,ms-python.gallerycdn.vsassets.io.,65.0,None,0
1761571037.0324087,103,46:f2:67:ee:7b:16,08:00:27:13:80:5a,0x86dd,None,None,0,None,None,0,None,None,0,0,None,None,None,None,None,None,None,ms-python.gallerycdn.vsassets.io.,28.0,b'market-prod-cdn.trafficmanager.net.',0
1761571037.0356126,104,46:f2:67:ee:7b:16,08:00:27:13:80:5a,0x800,104.208.16.95,10.89.153.28,6,A,443.0,45176,None,None,0,0,None,None,None,None,None,None,None,None,None,None,0
1761571037.035911,105,08:00:27:13:80:5a,46:f2:67:ee:7b:16,0x800,10.89.153.28,104.208.16.95,6,A,45176.0,443,None,None,0,0,None,None,None,None,None,None,None,None,None,None,0
1761571037.03887,106,46:f2:67:ee:7b:16,08:00:27:13:80:5a,0x800,104.208.16.95,10.89.153.28,6,A,443.0,45176,None,None,0,0,None,None,None,None,None,None,None,None,None,None,0
1761571037.0397954,107,46:f2:67:ee:7b:16,08:00:27:13:80:5a,0x86dd,None,None,0,None,None,0,None,None,0,0,None,None,None,None,None,None,None,ms-python.gallerycdn.vsassets.io.,1.0,b'market-prod-cdn.trafficmanager.net.',0
1761571037.0464814,108,46:f2:67:ee:7b:16,08:00:27:13:80:5a,0x86dd,None,None,0,None,None,0,None,None,0,0,None,None,None,None,None,None,None,ms-python.gallerycdn.vsassets.io.,65.0,b'market-prod-cdn.trafficmanager.net.',0
1761571037.0469437,109,08:00:27:13:80:5a,46:f2:67:ee:7b:16,0x86dd,None,None,0,None,None,0,None,None,0,0,None,None,None,None,None,None,None,None,None,None,0
1761571037.086662,110,46:f2:67:ee:7b:16,08:00:27:13:80:5a,0x86dd,None,None,0,None,None,0,None,None,0,0,None,None,None,None,None,None,None,None,None,None,0
1761571037.0905025,111,08:00:27:13:80:5a,46:f2:67:ee:7b:16,0x86dd,None,None,0,None,None,0,None,None,0,0,None,None,None,None,None,None,None,None,None,None,0
1761571037.0907085,112,08:00:27:13:80:5a,46:f2:67:ee:7b:16,0x86dd,None,None,0,None,None,0,None,None,0,0,None,None,None,None,None,None,None,None,None,None,0
1761571037.0908737,113,08:00:27:13:80:5a,46:f2:67:ee:7b:16,0x86dd,None,None,0,None,None,0,None,None,0,0,None,None,None,None,None,None,None,None,None,None,0
1761571037.1261654,114,46:f2:67:ee:7b:16,08:00:27:13:80:5a,0x86dd,None,None,0,None,None,0,None,None,0,0,None,None,None,None,None,None,None,None,None,None,0
1761571037.134708,115,46:f2:67:ee:7b:16,08:00:27:13:80:5a,0x86dd,None,None,0,None,None,0,None,None,0,0,None,None,None,None,None,None,None,None,None,None,0
1761571037.1396556,116,08:00:27:13:80:5a,46:f2:67:ee:7b:16,0x86dd,None,None,0,None,None,0,None,None,0,0,None,None,None,None,None,None,None,None,None,None,0
1761571037.1399884,117,08:00:27:13:80:5a,46:f2:67:ee:7b:16,0x86dd,None,None,0,None,None,0,None,None,0,0,None,None,None,None,None,None,None,None,None,None,0
1761571037.1401737,118,08:00:27:13:80:5a,46:f2:67:ee:7b:16,0x86dd,None,None,0,None,None,0,None,None,0,0,None,None,None,None,None,None,None,None,None,None,0
1761571037.175706,119,46:f2:67:ee:7b:16,08:00:27:13:80:5a,0x86dd,None,None,0,None,None,0,None,None,0,0,None,None,None,None,None,None,None,None,None,None,0
1761571037.175862,120,46:f2:67:ee:7b:16,08:00:27:13:80:5a,0x86dd,None,None,0,None,None,0,None,None,0,0,None,None,None,None,None,None,None,None,None,None,0
1761571037.1832752,121,46:f2:67:ee:7b:16,08:00:27:13:80:5a,0x86dd,None,None,0,None,None,0,None,None,0,0,None,None,None,None,None,None,None,None,None,None,0
1761571037.1864977,122,46:f2:67:ee:7b:16,08:00:27:13:80:5a,0x86dd,None,None,0,None,None,0,None,None,0,0,None,None,None,None,None,None,None,None,None,None,0
1761571037.1866622,123,08:00:27:13:80:5a,46:f2:67:ee:7b:16,0x86dd,None,None,0,None,None,0,None,None,0,0,None,None,None,None,None,None,None,None,None,None,0
1761571037.1896565,124,46:f2:67:ee:7b:16,08:00:27:13:80:5a,0x86dd,None,None,0,None,None,0,None,None,0,0,None,None,None,None,None,None,None,None,None,None,0
1761571037.1898437,125,46:f2:67:ee:7b:16,08:00:27:13:80:5a,0x86dd,None,None,0,None,None,0,None,None,0,0,None,None,None,None,None,None,None,None,None,None,0
1761571037.1932647,126,08:00:27:13:80:5a,46:f2:67:ee:7b:16,0x86dd,None,None,0,None,None,0,None,None,0,0,None,None,None,None,None,None,None,None,None,None,0
1761571037.3145733,127,46:f2:67:ee:7b:16,08:00:27:13:80:5a,0x800,104.208.16.95,10.89.153.28,6,A,443.0,45176,None,None,0,0,None,None,None,None,None,None,None,None,None,None,0
1761571037.719145,128,46:f2:67:ee:7b:16,08:00:27:13:80:5a,0x800,104.208.16.95,10.89.153.28,6,PA,443.0,45176,None,None,0,0,None,None,None,None,None,None,None,None,None,None,0
1761571037.719363,129,08:00:27:13:80:5a,46:f2:67:ee:7b:16,0x800,10.89.153.28,104.208.16.95,6,A,45176.0,443,None,None,0,0,None,None,None,None,None,None,None,None,None,None,0
1761571037.7210302,130,08:00:27:13:80:5a,46:f2:67:ee:7b:16,0x800,10.89.153.28,104.208.16.95,6,PA,45176.0,443,None,None,0,0,None,None,None,None,None,None,None,None,None,None,0
1761571037.9120338,131,08:00:27:13:80:5a,46:f2:67:ee:7b:16,0x86dd,None,None,0,None,None,0,None,None,0,0,None,None,None,None,None,None,None,mobile.events.data.microsoft.com.,28.0,None,0
1761571037.9812143,132,46:f2:67:ee:7b:16,08:00:27:13:80:5a,0x86dd,None,None,0,None,None,0,None,None,0,0,None,None,None,None,None,None,None,mobile.events.data.microsoft.com.,28.0,b'mobile.events.data.trafficmanager.net.',0
1761571038.0310342,133,46:f2:67:ee:7b:16,08:00:27:13:80:5a,0x800,104.208.16.95,10.89.153.28,6,A,443.0,45176,None,None,0,0,None,None,None,None,None,None,None,None,None,None,0
1761571038.3824365,134,08:00:27:13:80:5a,46:f2:67:ee:7b:16,0x800,10.89.153.28,23.58.31.18,6,A,56760.0,80,None,None,0,0,None,None,None,None,None,None,None,None,None,None,0
1761571038.4304235,135,46:f2:67:ee:7b:16,08:00:27:13:80:5a,0x800,23.58.31.18,10.89.153.28,6,A,80.0,56760,None,None,0,0,None,None,None,None,None,None,None,None,None,None,0
1761571039.4274075,136,08:00:27:13:80:5a,46:f2:67:ee:7b:16,0x800,10.89.153.28,104.208.16.95,6,PA,45176.0,443,None,None,0,0,None,None,None,None,None,None,None,None,None,None,0
1761571039.4276912,137,08:00:27:13:80:5a,46:f2:67:ee:7b:16,0x800,10.89.153.28,104.208.16.95,6,PA,45176.0,443,None,None,0,0,None,None,None,None,None,None,None,None,None,None,0
1761571039.728042,138,46:f2:67:ee:7b:16,08:00:27:13:80:5a,0x86dd,None,None,0,None,None,0,None,None,0,0,None,None,None,None,None,None,None,None,None,None,0
1761571039.7282407,139,08:00:27:13:80:5a,46:f2:67:ee:7b:16,0x86dd,None,None,0,None,None,0,None,None,0,0,None,None,None,None,None,None,None,None,None,None,0
1761571039.728412,140,46:f2:67:ee:7b:16,ff:ff:ff:ff:ff:ff,0x806,None,None,0,None,None,0,None,None,0,1,10.89.153.232,10.89.153.28,46:f2:67:ee:7b:16,00:00:00:00:00:00,None,None,None,None,None,None,0
1761571039.7322285,141,08:00:27:13:80:5a,46:f2:67:ee:7b:16,0x806,None,None,0,None,None,0,None,None,0,2,10.89.153.28,10.89.153.232,08:00:27:13:80:5a,46:f2:67:ee:7b:16,None,None,None,None,None,None,0
1761571039.9604628,142,46:f2:67:ee:7b:16,08:00:27:13:80:5a,0x800,104.208.16.95,10.89.153.28,6,A,443.0,45176,None,None,0,0,None,None,None,None,None,None,None,None,None,None,0
1761571039.9607022,143,46:f2:67:ee:7b:16,08:00:27:13:80:5a,0x800,104.208.16.95,10.89.153.28,6,PA,443.0,45176,None,None,0,0,None,None,None,None,None,None,None,None,None,None,0
1761571039.9983962,144,08:00:27:13:80:5a,46:f2:67:ee:7b:16,0x800,10.89.153.28,104.208.16.95,6,A,45176.0,443,None,None,0,0,None,None,None,None,None,None,None,None,None,None,0
1761571042.2107692,145,08:00:27:13:80:5a,46:f2:67:ee:7b:16,0x86dd,None,None,0,None,None,0,None,None,0,0,None,None,None,None,None,None,None,None,None,None,0
1761571042.2161665,146,46:f2:67:ee:7b:16,08:00:27:13:80:5a,0x86dd,None,None,0,None,None,0,None,None,0,0,None,None,None,None,None,None,None,None,None,None,0
1761571044.4064157,147,08:00:27:13:80:5a,46:f2:67:ee:7b:16,0x800,10.89.153.28,104.208.16.95,6,PA,45176.0,443,None,None,0,0,None,None,None,None,None,None,None,None,None,None,0
1761571044.4066422,148,08:00:27:13:80:5a,46:f2:67:ee:7b:16,0x800,10.89.153.28,104.208.16.95,6,PA,45176.0,443,None,None,0,0,None,None,None,None,None,None,None,None,None,None,0
1761571045.2189395,149,08:00:27:13:80:5a,46:f2:67:ee:7b:16,0x800,10.89.153.28,104.208.16.95,6,PA,45176.0,443,None,None,0,0,None,None,None,None,None,None,None,None,None,None,0
1761571045.3665457,150,46:f2:67:ee:7b:16,08:00:27:13:80:5a,0x800,104.208.16.95,10.89.153.28,6,A,443.0,45176,None,None,0,0,None,None,None,None,None,None,None,None,None,None,0
1761571045.372112,151,46:f2:67:ee:7b:16,08:00:27:13:80:5a,0x800,104.208.16.95,10.89.153.28,6,PA,443.0,45176,None,None,0,0,None,None,None,None,None,None,None,None,None,None,0
1761571045.3722832,152,08:00:27:13:80:5a,46:f2:67:ee:7b:16,0x800,10.89.153.28,104.208.16.95,6,A,45176.0,443,None,None,0,0,None,None,None,None,None,None,None,None,None,None,0
1761571045.3724566,153,08:00:27:13:80:5a,46:f2:67:ee:7b:16,0x800,10.89.153.28,104.208.16.95,6,PA,45176.0,443,None,None,0,0,None,None,None,None,None,None,None,None,None,None,0
1761571045.4249473,154,46:f2:67:ee:7b:16,08:00:27:13:80:5a,0x800,104.208.16.95,10.89.153.28,6,PA,443.0,45176,None,None,0,0,None,None,None,None,None,None,None,None,None,None,0
1761571045.4251237,155,08:00:27:13:80:5a,46:f2:67:ee:7b:16,0x800,10.89.153.28,104.208.16.95,6,A,45176.0,443,None,None,0,0,None,None,None,None,None,None,None,None,None,None,0
1761571045.8079274,156,46:f2:67:ee:7b:16,08:00:27:13:80:5a,0x800,104.208.16.95,10.89.153.28,6,A,443.0,45176,None,None,0,0,None,None,None,None,None,None,None,None,None,None,0
1761571045.8084478,157,46:f2:67:ee:7b:16,08:00:27:13:80:5a,0x800,104.208.16.95,10.89.153.28,6,A,443.0,45176,None,None,0,0,None,None,None,None,None,None,None,None,None,None,0
1761571046.0449436,158,08:00:27:13:80:5a,46:f2:67:ee:7b:16,0x800,10.89.153.28,104.18.32.47,6,PA,58186.0,443,None,None,0,0,None,None,None,None,None,None,None,None,None,None,0
1761571046.045314,159,08:00:27:13:80:5a,46:f2:67:ee:7b:16,0x800,10.89.153.28,104.18.32.47,6,PA,58186.0,443,None,None,0,0,None,None,None,None,None,None,None,None,None,None,0
1761571046.0455403,160,08:00:27:13:80:5a,46:f2:67:ee:7b:16,0x800,10.89.153.28,104.18.32.47,6,PA,58186.0,443,None,None,0,0,None,None,None,None,None,None,None,None,None,None,0
1761571046.1449437,161,46:f2:67:ee:7b:16,08:00:27:13:80:5a,0x800,104.18.32.47,10.89.153.28,6,A,443.0,58186,None,None,0,0,None,None,None,None,None,None,None,None,None,None,0
1761571046.1451318,162,46:f2:67:ee:7b:16,08:00:27:13:80:5a,0x800,104.18.32.47,10.89.153.28,6,A,443.0,58186,None,None,0,0,None,None,None,None,None,None,None,None,None,None,0
1761571048.553923,163,46:f2:67:ee:7b:16,08:00:27:13:80:5a,0x800,104.18.32.47,10.89.153.28,6,PA,443.0,58186,None,None,0,0,None,None,None,None,None,None,None,None,None,None,0
1761571048.554707,164,46:f2:67:ee:7b:16,08:00:27:13:80:5a,0x800,104.18.32.47,10.89.153.28,6,PA,443.0,58186,None,None,0,0,None,None,None,None,None,None,None,None,None,None,0
1761571048.5552273,165,46:f2:67:ee:7b:16,08:00:27:13:80:5a,0x800,104.18.32.47,10.89.153.28,6,PA,443.0,58186,None,None,0,0,None,None,None,None,None,None,None,None,None,None,0
1761571048.5596352,166,46:f2:67:ee:7b:16,08:00:27:13:80:5a,0x800,104.18.32.47,10.89.153.28,6,PA,443.0,58186,None,None,0,0,None,None,None,None,None,None,None,None,None,None,0
1761571048.5598614,167,46:f2:67:ee:7b:16,08:00:27:13:80:5a,0x800,104.18.32.47,10.89.153.28,6,PA,443.0,58186,None,None,0,0,None,None,None,None,None,None,None,None,None,None,0
1761571048.5600388,168,08:00:27:13:80:5a,46:f2:67:ee:7b:16,0x800,10.89.153.28,104.18.32.47,6,A,58186.0,443,None,None,0,0,None,None,None,None,None,None,None,None,None,None,0
1761571048.5601945,169,08:00:27:13:80:5a,46:f2:67:ee:7b:16,0x800,10.89.153.28,104.18.32.47,6,A,58186.0,443,None,None,0,0,None,None,None,None,None,None,None,None,None,None,0
1761571048.5603857,170,08:00:27:13:80:5a,46:f2:67:ee:7b:16,0x800,10.89.153.28,104.18.32.47,6,A,58186.0,443,None,None,0,0,None,None,None,None,None,None,None,None,None,None,0
1761571048.614583,171,08:00:27:13:80:5a,46:f2:67:ee:7b:16,0x800,10.89.153.28,23.58.31.18,6,A,56760.0,80,None,None,0,0,None,None,None,None,None,None,None,None,None,None,0
1761571048.6515374,172,46:f2:67:ee:7b:16,08:00:27:13:80:5a,0x800,23.58.31.18,10.89.153.28,6,A,80.0,56760,None,None,0,0,None,None,None,None,None,None,None,None,None,None,0
1761571050.201931,173,46:f2:67:ee:7b:16,08:00:27:13:80:5a,0x86dd,None,None,0,None,None,0,None,None,0,0,None,None,None,None,None,None,None,None,None,None,0
1761571050.202295,174,08:00:27:13:80:5a,46:f2:67:ee:7b:16,0x86dd,None,None,0,None,None,0,None,None,0,0,None,None,None,None,None,None,None,None,None,None,0
1761571051.042478,175,08:00:27:13:80:5a,46:f2:67:ee:7b:16,0x800,10.89.153.28,104.18.32.47,6,PA,58186.0,443,None,None,0,0,None,None,None,None,None,None,None,None,None,None,0
1761571051.0450838,176,08:00:27:13:80:5a,46:f2:67:ee:7b:16,0x800,10.89.153.28,104.18.32.47,6,PA,58186.0,443,None,None,0,0,None,None,None,None,None,None,None,None,None,None,0
1761571051.0455687,177,08:00:27:13:80:5a,46:f2:67:ee:7b:16,0x800,10.89.153.28,104.18.32.47,6,PA,58186.0,443,None,None,0,0,None,None,None,None,None,None,None,None,None,None,0
1761571051.114891,178,46:f2:67:ee:7b:16,08:00:27:13:80:5a,0x800,104.18.32.47,10.89.153.28,6,A,443.0,58186,None,None,0,0,None,None,None,None,None,None,None,None,None,None,0
1761571051.1233728,179,46:f2:67:ee:7b:16,08:00:27:13:80:5a,0x800,104.18.32.47,10.89.153.28,6,A,443.0,58186,None,None,0,0,None,None,None,None,None,None,None,None,None,None,0
1761571051.134329,180,46:f2:67:ee:7b:16,08:00:27:13:80:5a,0x800,104.18.32.47,10.89.153.28,6,A,443.0,58186,None,None,0,0,None,None,None,None,None,None,None,None,None,None,0
1761571051.3261826,181,46:f2:67:ee:7b:16,08:00:27:13:80:5a,0x800,104.18.32.47,10.89.153.28,6,PA,443.0,58186,None,None,0,0,None,None,None,None,None,None,None,None,None,None,0
1761571051.3268678,182,46:f2:67:ee:7b:16,08:00:27:13:80:5a,0x800,104.18.32.47,10.89.153.28,6,PA,443.0,58186,None,None,0,0,None,None,None,None,None,None,None,None,None,None,0
1761571051.3286393,183,46:f2:67:ee:7b:16,08:00:27:13:80:5a,0x800,104.18.32.47,10.89.153.28,6,PA,443.0,58186,None,None,0,0,None,None,None,None,None,None,None,None,None,None,0
1761571051.328974,184,08:00:27:13:80:5a,46:f2:67:ee:7b:16,0x800,10.89.153.28,104.18.32.47,6,A,58186.0,443,None,None,0,0,None,None,None,None,None,None,None,None,None,None,0
1761571051.329327,185,08:00:27:13:80:5a,46:f2:67:ee:7b:16,0x800,10.89.153.28,104.18.32.47,6,A,58186.0,443,None,None,0,0,None,None,None,None,None,None,None,None,None,None,0
1761571056.027044,186,08:00:27:13:80:5a,46:f2:67:ee:7b:16,0x800,10.89.153.28,104.18.32.47,6,PA,58186.0,443,None,None,0,0,None,None,None,None,None,None,None,None,None,None,0
1761571056.027298,187,08:00:27:13:80:5a,46:f2:67:ee:7b:16,0x800,10.89.153.28,104.18.32.47,6,PA,58186.0,443,None,None,0,0,None,None,None,None,None,None,None,None,None,None,0
1761571056.0274904,188,08:00:27:13:80:5a,46:f2:67:ee:7b:16,0x800,10.89.153.28,104.18.32.47,6,PA,58186.0,443,None,None,0,0,None,None,None,None,None,None,None,None,None,None,0
1761571056.027681,189,08:00:27:13:80:5a,46:f2:67:ee:7b:16,0x800,10.89.153.28,104.18.32.47,6,PA,58186.0,443,None,None,0,0,None,None,None,None,None,None,None,None,None,None,0
1761571056.0278764,190,08:00:27:13:80:5a,46:f2:67:ee:7b:16,0x800,10.89.153.28,104.18.32.47,6,PA,58186.0,443,None,None,0,0,None,None,None,None,None,None,None,None,None,None,0
1761571056.202154,191,08:00:27:13:80:5a,46:f2:67:ee:7b:16,0x800,10.89.153.28,104.18.32.47,6,PA,58186.0,443,None,None,0,0,None,None,None,None,None,None,None,None,None,None,0
1761571056.2140603,192,46:f2:67:ee:7b:16,08:00:27:13:80:5a,0x800,104.18.32.47,10.89.153.28,6,A,443.0,58186,None,None,0,0,None,None,None,None,None,None,None,None,None,None,0
1761571056.214973,193,46:f2:67:ee:7b:16,08:00:27:13:80:5a,0x800,104.18.32.47,10.89.153.28,6,A,443.0,58186,None,None,0,0,None,None,None,None,None,None,None,None,None,None,0
1761571056.2256837,194,46:f2:67:ee:7b:16,08:00:27:13:80:5a,0x800,104.18.32.47,10.89.153.28,6,A,443.0,58186,None,None,0,0,None,None,None,None,None,None,None,None,None,None,0
1761571056.290615,195,46:f2:67:ee:7b:16,08:00:27:13:80:5a,0x800,104.18.32.47,10.89.153.28,6,A,443.0,58186,None,None,0,0,None,None,None,None,None,None,None,None,None,None,0
1761571056.3204398,196,46:f2:67:ee:7b:16,08:00:27:13:80:5a,0x800,104.18.32.47,10.89.153.28,6,A,443.0,58186,None,None,0,0,None,None,None,None,None,None,None,None,None,None,0
1761571056.3206837,197,08:00:27:13:80:5a,46:f2:67:ee:7b:16,0x800,10.89.153.28,104.18.32.47,6,A,58186.0,443,None,None,0,0,None,None,None,None,None,None,None,None,None,None,0
1761571056.3646429,198,46:f2:67:ee:7b:16,08:00:27:13:80:5a,0x800,104.18.32.47,10.89.153.28,6,A,443.0,58186,None,None,0,0,None,None,None,None,None,None,None,None,None,None,0
1761571057.1090531,199,08:00:27:13:80:5a,46:f2:67:ee:7b:16,0x800,10.89.153.28,104.18.32.47,6,PA,58186.0,443,None,None,0,0,None,None,None,None,None,None,None,None,None,None,0
1761571057.1092994,200,08:00:27:13:80:5a,46:f2:67:ee:7b:16,0x800,10.89.153.28,104.18.32.47,6,PA,58186.0,443,None,None,0,0,None,None,None,None,None,None,None,None,None,None,0
1761571057.2264898,201,46:f2:67:ee:7b:16,08:00:27:13:80:5a,0x800,104.18.32.47,10.89.153.28,6,A,443.0,58186,None,None,0,0,None,None,None,None,None,None,None,None,None,None,0
1761571057.22685,202,46:f2:67:ee:7b:16,08:00:27:13:80:5a,0x800,104.18.32.47,10.89.153.28,6,PA,443.0,58186,None,None,0,0,None,None,None,None,None,None,None,None,None,None,0
1761571057.2270677,203,46:f2:67:ee:7b:16,08:00:27:13:80:5a,0x800,104.18.32.47,10.89.153.28,6,PA,443.0,58186,None,None,0,0,None,None,None,None,None,None,None,None,None,None,0
1761571057.2272692,204,46:f2:67:ee:7b:16,08:00:27:13:80:5a,0x800,104.18.32.47,10.89.153.28,6,PA,443.0,58186,None,None,0,0,None,None,None,None,None,None,None,None,None,None,0
1761571057.227424,205,08:00:27:13:80:5a,46:f2:67:ee:7b:16,0x800,10.89.153.28,104.18.32.47,6,A,58186.0,443,None,None,0,0,None,None,None,None,None,None,None,None,None,None,0
1761571057.2415702,206,08:00:27:13:80:5a,46:f2:67:ee:7b:16,0x800,10.89.153.28,104.18.32.47,6,A,58186.0,443,None,None,0,0,None,None,None,None,None,None,None,None,None,None,0
1761571057.2454495,207,08:00:27:13:80:5a,46:f2:67:ee:7b:16,0x800,10.89.153.28,104.18.32.47,6,A,58186.0,443,None,None,0,0,None,None,None,None,None,None,None,None,None,None,0
1761571058.4213166,208,46:f2:67:ee:7b:16,08:00:27:13:80:5a,0x800,104.18.32.47,10.89.153.28,6,PA,443.0,58186,None,None,0,0,None,None,None,None,None,None,None,None,None,None,0
1761571058.4217565,209,46:f2:67:ee:7b:16,08:00:27:13:80:5a,0x800,104.18.32.47,10.89.153.28,6,PA,443.0,58186,None,None,0,0,None,None,None,None,None,None,None,None,None,None,0
1761571058.4236877,210,46:f2:67:ee:7b:16,08:00:27:13:80:5a,0x800,104.18.32.47,10.89.153.28,6,PA,443.0,58186,None,None,0,0,None,None,None,None,None,None,None,None,None,None,0
1761571058.4266686,211,46:f2:67:ee:7b:16,08:00:27:13:80:5a,0x800,104.18.32.47,10.89.153.28,6,PA,443.0,58186,None,None,0,0,None,None,None,None,None,None,None,None,None,None,0
1761571058.4269507,212,08:00:27:13:80:5a,46:f2:67:ee:7b:16,0x800,10.89.153.28,104.18.32.47,6,A,58186.0,443,None,None,0,0,None,None,None,None,None,None,None,None,None,None,0
1761571058.4271452,213,08:00:27:13:80:5a,46:f2:67:ee:7b:16,0x800,10.89.153.28,104.18.32.47,6,A,58186.0,443,None,None,0,0,None,None,None,None,None,None,None,None,None,None,0
1761571058.4275732,214,08:00:27:13:80:5a,46:f2:67:ee:7b:16,0x800,10.89.153.28,104.18.32.47,6,A,58186.0,443,None,None,0,0,None,None,None,None,None,None,None,None,None,None,0
1761571058.4277782,215,08:00:27:13:80:5a,46:f2:67:ee:7b:16,0x800,10.89.153.28,104.18.32.47,6,A,58186.0,443,None,None,0,0,None,None,None,None,None,None,None,None,None,None,0
1761571058.4346905,216,46:f2:67:ee:7b:16,08:00:27:13:80:5a,0x800,104.18.32.47,10.89.153.28,6,PA,443.0,58186,None,None,0,0,None,None,None,None,None,None,None,None,None,None,0
1761571058.434909,217,08:00:27:13:80:5a,46:f2:67:ee:7b:16,0x800,10.89.153.28,104.18.32.47,6,A,58186.0,443,None,None,0,0,None,None,None,None,None,None,None,None,None,None,0
1761571058.4511328,218,46:f2:67:ee:7b:16,08:00:27:13:80:5a,0x800,104.18.32.47,10.89.153.28,6,PA,443.0,58186,None,None,0,0,None,None,None,None,None,None,None,None,None,None,0
1761571058.4514146,219,08:00:27:13:80:5a,46:f2:67:ee:7b:16,0x800,10.89.153.28,104.18.32.47,6,A,58186.0,443,None,None,0,0,None,None,None,None,None,None,None,None,None,None,0
1761571058.4871557,220,46:f2:67:ee:7b:16,08:00:27:13:80:5a,0x800,104.18.32.47,10.89.153.28,6,PA,443.0,58186,None,None,0,0,None,None,None,None,None,None,None,None,None,None,0
1761571058.490053,221,08:00:27:13:80:5a,46:f2:67:ee:7b:16,0x800,10.89.153.28,104.18.32.47,6,A,58186.0,443,None,None,0,0,None,None,None,None,None,None,None,None,None,None,0
1761571058.5048194,222,46:f2:67:ee:7b:16,08:00:27:13:80:5a,0x800,104.18.32.47,10.89.153.28,6,PA,443.0,58186,None,None,0,0,None,None,None,None,None,None,None,None,None,None,0
1761571058.5050433,223,08:00:27:13:80:5a,46:f2:67:ee:7b:16,0x800,10.89.153.28,104.18.32.47,6,A,58186.0,443,None,None,0,0,None,None,None,None,None,None,None,None,None,None,0
1761571058.555505,224,46:f2:67:ee:7b:16,08:00:27:13:80:5a,0x800,104.18.32.47,10.89.153.28,6,PA,443.0,58186,None,None,0,0,None,None,None,None,None,None,None,None,None,None,0
1761571058.5557218,225,08:00:27:13:80:5a,46:f2:67:ee:7b:16,0x800,10.89.153.28,104.18.32.47,6,A,58186.0,443,None,None,0,0,None,None,None,None,None,None,None,None,None,None,0
1761571058.6450994,226,46:f2:67:ee:7b:16,08:00:27:13:80:5a,0x800,104.18.32.47,10.89.153.28,6,PA,443.0,58186,None,None,0,0,None,None,None,None,None,None,None,None,None,None,0
1761571058.645318,227,08:00:27:13:80:5a,46:f2:67:ee:7b:16,0x800,10.89.153.28,104.18.32.47,6,A,58186.0,443,None,None,0,0,None,None,None,None,None,None,None,None,None,None,0
1761571058.729745,228,46:f2:67:ee:7b:16,08:00:27:13:80:5a,0x800,104.18.32.47,10.89.153.28,6,PA,443.0,58186,None,None,0,0,None,None,None,None,None,None,None,None,None,None,0
1761571058.7299542,229,08:00:27:13:80:5a,46:f2:67:ee:7b:16,0x800,10.89.153.28,104.18.32.47,6,A,58186.0,443,None,None,0,0,None,None,None,None,None,None,None,None,None,None,0
1761571058.7908585,230,46:f2:67:ee:7b:16,08:00:27:13:80:5a,0x800,104.18.32.47,10.89.153.28,6,PA,443.0,58186,None,None,0,0,None,None,None,None,None,None,None,None,None,None,0
1761571058.793466,231,08:00:27:13:80:5a,46:f2:67:ee:7b:16,0x800,10.89.153.28,104.18.32.47,6,A,58186.0,443,None,None,0,0,None,None,None,None,None,None,None,None,None,None,0
1761571058.8574214,232,08:00:27:13:80:5a,46:f2:67:ee:7b:16,0x800,10.89.153.28,23.58.31.18,6,A,56760.0,80,None,None,0,0,None,None,None,None,None,None,None,None,None,None,0
1761571058.8943913,233,08:00:27:13:80:5a,46:f2:67:ee:7b:16,0x800,10.89.153.28,104.18.32.47,6,PA,58186.0,443,None,None,0,0,None,None,None,None,None,None,None,None,None,None,0
1761571058.8947344,234,08:00:27:13:80:5a,46:f2:67:ee:7b:16,0x800,10.89.153.28,104.18.32.47,6,PA,58186.0,443,None,None,0,0,None,None,None,None,None,None,None,None,None,None,0
1761571058.8953905,235,08:00:27:13:80:5a,46:f2:67:ee:7b:16,0x800,10.89.153.28,104.18.32.47,6,PA,58186.0,443,None,None,0,0,None,None,None,None,None,None,None,None,None,None,0
1761571058.906142,236,46:f2:67:ee:7b:16,08:00:27:13:80:5a,0x800,23.58.31.18,10.89.153.28,6,A,80.0,56760,None,None,0,0,None,None,None,None,None,None,None,None,None,None,0
1761571058.9063802,237,08:00:27:13:80:5a,46:f2:67:ee:7b:16,0x800,10.89.153.28,104.18.32.47,6,PA,58186.0,443,None,None,0,0,None,None,None,None,None,None,None,None,None,None,0
1761571058.933717,238,46:f2:67:ee:7b:16,08:00:27:13:80:5a,0x800,104.18.32.47,10.89.153.28,6,A,443.0,58186,None,None,0,0,None,None,None,None,None,None,None,None,None,None,0
1761571058.9341764,239,08:00:27:13:80:5a,46:f2:67:ee:7b:16,0x800,10.89.153.28,104.18.32.47,6,PA,58186.0,443,None,None,0,0,None,None,None,None,None,None,None,None,None,None,0
1761571058.9414098,240,46:f2:67:ee:7b:16,08:00:27:13:80:5a,0x800,104.18.32.47,10.89.153.28,6,A,443.0,58186,None,None,0,0,None,None,None,None,None,None,None,None,None,None,0
1761571058.9534926,241,46:f2:67:ee:7b:16,08:00:27:13:80:5a,0x800,104.18.32.47,10.89.153.28,6,A,443.0,58186,None,None,0,0,None,None,None,None,None,None,None,None,None,None,0
1761571059.0025573,242,46:f2:67:ee:7b:16,08:00:27:13:80:5a,0x800,104.18.32.47,10.89.153.28,6,A,443.0,58186,None,None,0,0,None,None,None,None,None,None,None,None,None,None,0
1761571059.0046268,243,46:f2:67:ee:7b:16,08:00:27:13:80:5a,0x800,104.18.32.47,10.89.153.28,6,PA,443.0,58186,None,None,0,0,None,None,None,None,None,None,None,None,None,None,0
1761571059.00483,244,08:00:27:13:80:5a,46:f2:67:ee:7b:16,0x800,10.89.153.28,104.18.32.47,6,A,58186.0,443,None,None,0,0,None,None,None,None,None,None,None,None,None,None,0
1761571059.055503,245,46:f2:67:ee:7b:16,08:00:27:13:80:5a,0x800,104.18.32.47,10.89.153.28,6,A,443.0,58186,None,None,0,0,None,None,None,None,None,None,None,None,None,None,0
1761571059.1233654,246,46:f2:67:ee:7b:16,08:00:27:13:80:5a,0x800,104.18.32.47,10.89.153.28,6,PA,443.0,58186,None,None,0,0,None,None,None,None,None,None,None,None,None,None,0
1761571059.124848,247,08:00:27:13:80:5a,46:f2:67:ee:7b:16,0x800,10.89.153.28,104.18.32.47,6,A,58186.0,443,None,None,0,0,None,None,None,None,None,None,None,None,None,None,0
1761571059.155376,248,46:f2:67:ee:7b:16,08:00:27:13:80:5a,0x800,104.18.32.47,10.89.153.28,6,PA,443.0,58186,None,None,0,0,None,None,None,None,None,None,None,None,None,None,0
1761571059.155614,249,46:f2:67:ee:7b:16,08:00:27:13:80:5a,0x800,104.18.32.47,10.89.153.28,6,PA,443.0,58186,None,None,0,0,None,None,None,None,None,None,None,None,None,None,0
1761571059.1557734,250,08:00:27:13:80:5a,46:f2:67:ee:7b:16,0x800,10.89.153.28,104.18.32.47,6,A,58186.0,443,None,None,0,0,None,None,None,None,None,None,None,None,None,None,0
1761571059.1595943,251,08:00:27:13:80:5a,46:f2:67:ee:7b:16,0x800,10.89.153.28,104.18.32.47,6,A,58186.0,443,None,None,0,0,None,None,None,None,None,None,None,None,None,None,0
1761571059.2374415,252,46:f2:67:ee:7b:16,08:00:27:13:80:5a,0x800,104.18.32.47,10.89.153.28,6,PA,443.0,58186,None,None,0,0,None,None,None,None,None,None,None,None,None,None,0
1761571059.2376816,253,46:f2:67:ee:7b:16,08:00:27:13:80:5a,0x800,104.18.32.47,10.89.153.28,6,PA,443.0,58186,None,None,0,0,None,None,None,None,None,None,None,None,None,None,0
1761571059.2381785,254,08:00:27:13:80:5a,46:f2:67:ee:7b:16,0x800,10.89.153.28,104.18.32.47,6,A,58186.0,443,None,None,0,0,None,None,None,None,None,None,None,None,None,None,0
1761571059.238346,255,08:00:27:13:80:5a,46:f2:67:ee:7b:16,0x800,10.89.153.28,104.18.32.47,6,A,58186.0,443,None,None,0,0,None,None,None,None,None,None,None,None,None,None,0
1761571059.2428136,256,46:f2:67:ee:7b:16,08:00:27:13:80:5a,0x800,104.18.32.47,10.89.153.28,6,PA,443.0,58186,None,None,0,0,None,None,None,None,None,None,None,None,None,None,0
1761571059.2430165,257,08:00:27:13:80:5a,46:f2:67:ee:7b:16,0x800,10.89.153.28,104.18.32.47,6,A,58186.0,443,None,None,0,0,None,None,None,None,None,None,None,None,None,None,0
1761571059.2861085,258,46:f2:67:ee:7b:16,08:00:27:13:80:5a,0x800,104.18.32.47,10.89.153.28,6,PA,443.0,58186,None,None,0,0,None,None,None,None,None,None,None,None,None,None,0
1761571059.2863069,259,08:00:27:13:80:5a,46:f2:67:ee:7b:16,0x800,10.89.153.28,104.18.32.47,6,A,58186.0,443,None,None,0,0,None,None,None,None,None,None,None,None,None,None,0
1761571059.3797634,260,08:00:27:13:80:5a,46:f2:67:ee:7b:16,0x800,10.89.153.28,104.208.16.95,6,PA,45176.0,443,None,None,0,0,None,None,None,None,None,None,None,None,None,None,0
1761571059.383095,261,08:00:27:13:80:5a,46:f2:67:ee:7b:16,0x800,10.89.153.28,104.208.16.95,6,PA,45176.0,443,None,None,0,0,None,None,None,None,None,None,None,None,None,None,0
1761571059.3833182,262,08:00:27:13:80:5a,46:f2:67:ee:7b:16,0x800,10.89.153.28,104.208.16.95,6,PA,45176.0,443,None,None,0,0,None,None,None,None,None,None,None,None,None,None,0
1761571059.4401815,263,46:f2:67:ee:7b:16,08:00:27:13:80:5a,0x800,104.18.32.47,10.89.153.28,6,PA,443.0,58186,None,None,0,0,None,None,None,None,None,None,None,None,None,None,0
1761571059.4404082,264,08:00:27:13:80:5a,46:f2:67:ee:7b:16,0x800,10.89.153.28,104.18.32.47,6,A,58186.0,443,None,None,0,0,None,None,None,None,None,None,None,None,None,None,0
1761571059.8261433,265,46:f2:67:ee:7b:16,08:00:27:13:80:5a,0x800,104.18.32.47,10.89.153.28,6,PA,443.0,58186,None,None,0,0,None,None,None,None,None,None,None,None,None,None,0
1761571059.8333611,266,46:f2:67:ee:7b:16,08:00:27:13:80:5a,0x800,104.208.16.95,10.89.153.28,6,A,443.0,45176,None,None,0,0,None,None,None,None,None,None,None,None,None,None,0
1761571059.833985,267,46:f2:67:ee:7b:16,08:00:27:13:80:5a,0x800,104.208.16.95,10.89.153.28,6,PA,443.0,45176,None,None,0,0,None,None,None,None,None,None,None,None,None,None,0
1761571059.8341763,268,46:f2:67:ee:7b:16,08:00:27:13:80:5a,0x800,104.208.16.95,10.89.153.28,6,A,443.0,45176,None,None,0,0,None,None,None,None,None,None,None,None,None,None,0
1761571059.8345237,269,08:00:27:13:80:5a,46:f2:67:ee:7b:16,0x800,10.89.153.28,104.208.16.95,6,A,45176.0,443,None,None,0,0,None,None,None,None,None,None,None,None,None,None,0
1761571059.8346908,270,08:00:27:13:80:5a,46:f2:67:ee:7b:16,0x800,10.89.153.28,104.18.32.47,6,A,58186.0,443,None,None,0,0,None,None,None,None,None,None,None,None,None,None,0
1761571059.83928,271,46:f2:67:ee:7b:16,08:00:27:13:80:5a,0x800,104.18.32.47,10.89.153.28,6,PA,443.0,58186,None,None,0,0,None,None,None,None,None,None,None,None,None,None,0
1761571059.8449936,272,08:00:27:13:80:5a,46:f2:67:ee:7b:16,0x800,10.89.153.28,104.18.32.47,6,A,58186.0,443,None,None,0,0,None,None,None,None,None,None,None,None,None,None,0
1761571060.0617898,273,46:f2:67:ee:7b:16,08:00:27:13:80:5a,0x800,104.18.32.47,10.89.153.28,6,PA,443.0,58186,None,None,0,0,None,None,None,None,None,None,None,None,None,None,0
1761571060.062024,274,08:00:27:13:80:5a,46:f2:67:ee:7b:16,0x800,10.89.153.28,104.18.32.47,6,A,58186.0,443,None,None,0,0,None,None,None,None,None,None,None,None,None,None,0
1761571060.088282,275,46:f2:67:ee:7b:16,08:00:27:13:80:5a,0x800,104.208.16.95,10.89.153.28,6,PA,443.0,45176,None,None,0,0,None,None,None,None,None,None,None,None,None,None,0
1761571060.0907114,276,08:00:27:13:80:5a,46:f2:67:ee:7b:16,0x800,10.89.153.28,104.208.16.95,6,A,45176.0,443,None,None,0,0,None,None,None,None,None,None,None,None,None,None,0
1761571060.0934803,277,08:00:27:13:80:5a,46:f2:67:ee:7b:16,0x800,10.89.153.28,104.208.16.95,6,PA,45176.0,443,None,None,0,0,None,None,None,None,None,None,None,None,None,None,0
1761571060.4529858,278,46:f2:67:ee:7b:16,08:00:27:13:80:5a,0x800,104.18.32.47,10.89.153.28,6,PA,443.0,58186,None,None,0,0,None,None,None,None,None,None,None,None,None,None,0
1761571060.453329,279,08:00:27:13:80:5a,46:f2:67:ee:7b:16,0x800,10.89.153.28,104.18.32.47,6,A,58186.0,443,None,None,0,0,None,None,None,None,None,None,None,None,None,None,0
1761571060.453474,280,46:f2:67:ee:7b:16,08:00:27:13:80:5a,0x800,104.208.16.95,10.89.153.28,6,A,443.0,45176,None,None,0,0,None,None,None,None,None,None,None,None,None,None,0
1761571060.6088886,281,46:f2:67:ee:7b:16,08:00:27:13:80:5a,0x800,104.18.32.47,10.89.153.28,6,PA,443.0,58186,None,None,0,0,None,None,None,None,None,None,None,None,None,None,0
1761571060.6091766,282,08:00:27:13:80:5a,46:f2:67:ee:7b:16,0x800,10.89.153.28,104.18.32.47,6,A,58186.0,443,None,None,0,0,None,None,None,None,None,None,None,None,None,None,0
1761571060.6944523,283,46:f2:67:ee:7b:16,08:00:27:13:80:5a,0x800,104.18.32.47,10.89.153.28,6,PA,443.0,58186,None,None,0,0,None,None,None,None,None,None,None,None,None,None,0
1761571060.6946516,284,08:00:27:13:80:5a,46:f2:67:ee:7b:16,0x800,10.89.153.28,104.18.32.47,6,A,58186.0,443,None,None,0,0,None,None,None,None,None,None,None,None,None,None,0
1761571061.1839075,285,46:f2:67:ee:7b:16,08:00:27:13:80:5a,0x800,104.18.32.47,10.89.153.28,6,PA,443.0,58186,None,None,0,0,None,None,None,None,None,None,None,None,None,None,0
1761571061.187201,286,46:f2:67:ee:7b:16,08:00:27:13:80:5a,0x800,104.18.32.47,10.89.153.28,6,PA,443.0,58186,None,None,0,0,None,None,None,None,None,None,None,None,None,None,0
1761571061.1873822,287,08:00:27:13:80:5a,46:f2:67:ee:7b:16,0x800,10.89.153.28,104.18.32.47,6,A,58186.0,443,None,None,0,0,None,None,None,None,None,None,None,None,None,None,0
1761571061.187533,288,08:00:27:13:80:5a,46:f2:67:ee:7b:16,0x800,10.89.153.28,104.18.32.47,6,A,58186.0,443,None,None,0,0,None,None,None,None,None,None,None,None,None,None,0
1761571061.191841,289,08:00:27:13:80:5a,46:f2:67:ee:7b:16,0x86dd,None,None,0,None,None,0,None,None,0,0,None,None,None,None,None,None,None,None,None,None,0
1761571061.2452998,290,46:f2:67:ee:7b:16,08:00:27:13:80:5a,0x86dd,None,None,0,None,None,0,None,None,0,0,None,None,None,None,None,None,None,None,None,None,0
1761571061.3609822,291,46:f2:67:ee:7b:16,08:00:27:13:80:5a,0x800,104.18.32.47,10.89.153.28,6,PA,443.0,58186,None,None,0,0,None,None,None,None,None,None,None,None,None,None,0
1761571061.3613725,292,08:00:27:13:80:5a,46:f2:67:ee:7b:16,0x800,10.89.153.28,104.18.32.47,6,A,58186.0,443,None,None,0,0,None,None,None,None,None,None,None,None,None,None,0
1761571061.438278,293,46:f2:67:ee:7b:16,08:00:27:13:80:5a,0x86dd,None,None,0,None,None,0,None,None,0,0,None,None,None,None,None,None,None,None,None,None,0
1761571061.4384418,294,08:00:27:13:80:5a,46:f2:67:ee:7b:16,0x86dd,None,None,0,None,None,0,None,None,0,0,None,None,None,None,None,None,None,None,None,None,0
1761571061.518052,295,46:f2:67:ee:7b:16,08:00:27:13:80:5a,0x800,104.18.32.47,10.89.153.28,6,PA,443.0,58186,None,None,0,0,None,None,None,None,None,None,None,None,None,None,0
1761571061.5207767,296,08:00:27:13:80:5a,46:f2:67:ee:7b:16,0x800,10.89.153.28,104.18.32.47,6,A,58186.0,443,None,None,0,0,None,None,None,None,None,None,None,None,None,None,0
1761571061.8901055,297,46:f2:67:ee:7b:16,08:00:27:13:80:5a,0x800,104.18.32.47,10.89.153.28,6,PA,443.0,58186,None,None,0,0,None,None,None,None,None,None,None,None,None,None,0
1761571061.890296,298,08:00:27:13:80:5a,46:f2:67:ee:7b:16,0x800,10.89.153.28,104.18.32.47,6,A,58186.0,443,None,None,0,0,None,None,None,None,None,None,None,None,None,None,0
1761571061.932705,299,46:f2:67:ee:7b:16,08:00:27:13:80:5a,0x800,104.18.32.47,10.89.153.28,6,PA,443.0,58186,None,None,0,0,None,None,None,None,None,None,None,None,None,None,0
1761571061.932948,300,08:00:27:13:80:5a,46:f2:67:ee:7b:16,0x800,10.89.153.28,104.18.32.47,6,A,58186.0,443,None,None,0,0,None,None,None,None,None,None,None,None,None,None,0
